{"cameraMode":{"drawMode":0,"name":"Shaded","section":"Shading Mode"},"sceneLighting":true,"audioPlay":false,"sceneViewState":{"m_AlwaysRefresh":false,"showFog":true,"showSkybox":true,"showFlares":true,"showImageEffects":true,"showParticleSystems":true,"showVisualEffectGraphs":true,"m_FxEnabled":true},"in2DMode":false,"pivot":{"x":0.9520403742790222,"y":0.1836106777191162,"z":-0.3027312159538269},"rotation":{"x":-0.011450093239545823,"y":0.5588818788528442,"z":-0.007719527930021286,"w":-0.8291397094726563},"size":0.9902037978172302,"orthographic":false}