{"cameraMode":{"drawMode":1,"name":"Wireframe","section":"Shading Mode"},"sceneLighting":false,"audioPlay":false,"sceneViewState":{"m_AlwaysRefresh":false,"showFog":true,"showSkybox":true,"showFlares":true,"showImageEffects":true,"showParticleSystems":true,"showVisualEffectGraphs":true,"m_FxEnabled":true},"in2DMode":false,"pivot":{"x":-7.852599143981934,"y":-4.181003093719482,"z":90.0548095703125},"rotation":{"x":-0.07964710146188736,"y":-0.044247981160879138,"z":0.0035371866542845966,"w":-0.9958395957946777},"size":0.30148932337760928,"orthographic":false}